{"eval_loss": 0.3878730535507202, "eval_model_preparation_time": 0.0024, "eval_accuracy": 0.8934159874916077, "eval_runtime": 18.7126, "eval_samples_per_second": 525.957, "eval_steps_per_second": 65.785}